1,https://www.cardmarket.com/en/Magic/Products/Singles/Commander-The-Lost-Caverns-of-Ixalan-Extras/Clavileno-First-of-the-Blessed-V1?language=1&isFoil=Y,FOIL
1,https://www.cardmarket.com/en/Magic/Products/Singles/Modern-Horizons-3-Extras/Abstruse-Appropriation?language=1&isFoil=Y,FOIL
1,https://www.cardmarket.com/en/Magic/Products/Singles/Secrets-of-Strixhaven-Mystical-Archive/Akromas-Will-V1?language=1,NO
1,https://www.cardmarket.com/en/Magic/Products/Singles/The-Lost-Caverns-of-Ixalan-Extras/Amalia-Benavides-Aguirre?language=1&isFoil=Y,FOIL
1,https://www.cardmarket.com/en/Magic/Products/Singles/Secret-Lair-Drop-Series-Secret-Lair-x-Dungeons-Dragons-50th-Anniversary-Superdrop/Anguished-Unmaking?language=1&isFoil=Y,FOIL
1,https://www.cardmarket.com/en/Magic/Products/Singles/DCI-Promos/Arcane-Signet?language=1&isFoil=Y,FOIL
1,https://www.cardmarket.com/en/Magic/Products/Singles/Commander-Legends-Battle-for-Baldurs-Gate-Extras/Astarions-Thirst?language=1&isFoil=Y,FOIL
1,https://www.cardmarket.com/en/Magic/Products/Singles/Secret-Lair-Drop-Series-Secret-Lair-x-Dungeons-Dragons-50th-Anniversary-Superdrop/Astarion-the-Decadent?language=1&isFoil=Y,FOIL
1,https://www.cardmarket.com/en/Magic/Products/Singles/The-Lost-Caverns-of-Ixalan-Extras/Bartolome-del-Presidio?language=1&isFoil=Y,FOIL
1,https://www.cardmarket.com/en/Magic/Products/Singles/Innistrad-Remastered-Extras/Blood-Artist-V2?language=1&isFoil=Y,FOIL
1,https://www.cardmarket.com/en/Magic/Products/Singles/The-Lost-Caverns-of-Ixalan-Extras/Bloodletter-of-Aclazotz?language=1&isFoil=Y,FOIL
1,https://www.cardmarket.com/en/Magic/Products/Singles/Innistrad-Remastered-Extras/Bloodline-Keeper-Lord-of-Lineage-V2?language=1&isFoil=Y,FOIL
1,https://www.cardmarket.com/en/Magic/Products/Singles/Magic-The-Gathering-Foundations-Extras/Bloodthirsty-Conqueror-V2?language=1&isFoil=Y,MANA_FOIL
1,https://www.cardmarket.com/en/Magic/Products/Singles/Secret-Lair-Ultimate-Edition/Brightclimb-Pathway-Grimclimb-Pathway?language=1&isFoil=Y,FOIL
1,https://www.cardmarket.com/en/Magic/Products/Singles/Innistrad-Remastered-Extras/Captivating-Vampire-V1?language=1&isFoil=Y,FOIL
1,https://www.cardmarket.com/en/Magic/Products/Singles/Commander-The-Lost-Caverns-of-Ixalan-Extras/Carmen-Cruel-Skymarcher?language=1&isFoil=Y,FOIL
1,https://www.cardmarket.com/en/Magic/Products/Singles/Double-Masters-2022/Carrier-Thrall?language=1&isFoil=Y,FOIL
1,https://www.cardmarket.com/en/Magic/Products/Singles/Dominaria-United-Extras/Caves-of-Koilos?language=1&isFoil=Y,FOIL
1,https://www.cardmarket.com/en/Magic/Products/Singles/Mystery-Booster-2-Reprints-from-Across-Magics-History/Charcoal-Diamond?language=1,NO
1,https://www.cardmarket.com/en/Magic/Products/Singles/Commander-The-Lost-Caverns-of-Ixalan-Extras/Charismatic-Conqueror?language=1,NO
1,https://www.cardmarket.com/en/Magic/Products/Singles/Commander-The-Brothers-War/Command-Tower?language=1,NO
1,https://www.cardmarket.com/en/Magic/Products/Singles/Commander-The-Lost-Caverns-of-Ixalan/Cordial-Vampire?language=1,NO
1,https://www.cardmarket.com/en/Magic/Products/Singles/Commander-Duskmourn-House-of-Horror-Extras/Damn?language=1&isFoil=Y,FOIL
1,https://www.cardmarket.com/en/Magic/Products/Singles/Mystical-Archive/Day-of-Judgment-V1?language=1,NO
1,https://www.cardmarket.com/en/Magic/Products/Singles/Ravnica-Remastered-Extras/Debt-to-the-Deathless?language=1&isFoil=Y,FOIL
1,https://www.cardmarket.com/en/Magic/Products/Singles/Mystical-Archive/Demonic-Tutor-V1?language=1,NO
1,https://www.cardmarket.com/en/Magic/Products/Singles/Universes-Beyond-Fallout-Extras/Desolate-Mire-V3?language=1&isFoil=Y,SURGE_FOIL
1,https://www.cardmarket.com/en/Magic/Products/Singles/Planeshift/Diabolic-Intent?language=1,NO
1,https://www.cardmarket.com/en/Magic/Products/Singles/Secret-Lair-Drop-Series/Drana-the-Last-Bloodchief?language=1&isFoil=Y,FOIL
1,https://www.cardmarket.com/en/Magic/Products/Singles/Commander-The-Lost-Caverns-of-Ixalan-Extras/Dusk-Legion-Sergeant?language=1,NO
1,https://www.cardmarket.com/en/Magic/Products/Singles/Commander-Secrets-of-Strixhaven-Extras/Eclipsed-Steppe?language=1,NO
1,https://www.cardmarket.com/en/Magic/Products/Singles/Commander-The-Lost-Caverns-of-Ixalan-Extras/Elendas-Hierophant?language=1,NO
1,https://www.cardmarket.com/en/Magic/Products/Singles/Magic-The-Gathering-Foundations-Extras/Elenda-Saint-of-Dusk-V2?language=1&isFoil=Y,MANA_FOIL
1,https://www.cardmarket.com/en/Magic/Products/Singles/dSecret-Lair-Drop-Series-Secretversary-2023/Elenda-the-Dusk-Rose?language=1&isFoil=Y,FOIL
1,https://www.cardmarket.com/en/Magic/Products/Singles/Secrets-of-Strixhaven-Extras/Emeritus-of-Woe-Demonic-Tutor?language=1&isFoil=Y,FOIL
1,https://www.cardmarket.com/en/Magic/Products/Singles/Commander-The-Brothers-War/Evolving-Wilds?language=1,NO
1,https://www.cardmarket.com/en/Magic/Products/Singles/Universes-Beyond-Fallout-Extras/Exotic-Orchard-V1?language=1&isFoil=Y,FOIL
1,https://www.cardmarket.com/en/Magic/Products/Singles/Secret-Lair-Drop-Series-Secret-Lair-x-Dungeons-Dragons-50th-Anniversary-Superdrop/Exquisite-Blood?language=1&isFoil=Y,FOIL
1,https://www.cardmarket.com/en/Magic/Products/Singles/Commander-Masters-Extras/Exsanguinate?language=1&isFoil=Y,FOIL
1,https://www.cardmarket.com/en/Magic/Products/Singles/Commander-The-Brothers-War/Fellwar-Stone?language=1,NO
1,https://www.cardmarket.com/en/Magic/Products/Singles/Commander-Magic-The-Gathering-FINAL-FANTASY-Collectors-Edition/Fetid-Heath?language=1&isFoil=Y,SURGE_FOIL
1,https://www.cardmarket.com/en/Magic/Products/Singles/Modern-Horizons-3/Glasswing-Grace-Age-Graced-Chapel?language=1&isFoil=Y,FOIL
1,https://www.cardmarket.com/en/Magic/Products/Singles/Ravnica-Remastered-Extras/Godless-Shrine-V2?language=1&isFoil=Y,FOIL
1,https://www.cardmarket.com/en/Magic/Products/Singles/Innistrad-Crimson-Vow-Extras/Henrika-Domnathi-Henrika-Infernal-Seer-V1?language=1&isFoil=Y,FOIL
1,https://www.cardmarket.com/en/Magic/Products/Singles/Magic-The-Gathering-Foundations-Extras/High-Society-Hunter-V2?language=1&isFoil=Y,MANA_FOIL
1,https://www.cardmarket.com/en/Magic/Products/Singles/Innistrad-Remastered-Extras/Indulgent-Aristocrat?language=1&isFoil=Y,FOIL
1,https://www.cardmarket.com/en/Magic/Products/Singles/Universes-Beyond-Fallout-Extras/Isolated-Chapel-V3?language=1&isFoil=Y,SURGE_FOIL
1,https://www.cardmarket.com/en/Magic/Products/Singles/The-List/Jet-Medallion?language=1,NO
1,https://www.cardmarket.com/en/Magic/Products/Singles/Secret-Lair-Commander-Deck-Angels-Theyre-Just-Like-Us-but-Cooler/Marble-Diamond?language=1,NO
1,https://www.cardmarket.com/en/Magic/Products/Singles/Commander-The-Lost-Caverns-of-Ixalan-Extras/March-of-the-Canonized?language=1,NO
1,https://www.cardmarket.com/en/Magic/Products/Singles/Modern-Horizons-2-Extras/Marsh-Flats-V1?language=1&isFoil=Y,FOIL
1,https://www.cardmarket.com/en/Magic/Products/Singles/Commander-The-Lost-Caverns-of-Ixalan-Extras/Master-of-Dark-Rites?language=1,NO
1,https://www.cardmarket.com/en/Magic/Products/Singles/Commander-The-Lost-Caverns-of-Ixalan/Mavren-Fein-Dusk-Apostle?language=1,NO
1,https://www.cardmarket.com/en/Magic/Products/Singles/Secret-Lair-Drop-Series-Secret-Lair-x-Dungeons-Dragons-50th-Anniversary-Superdrop/Mortify?language=1&isFoil=Y,FOIL
1,https://www.cardmarket.com/en/Magic/Products/Singles/Double-Masters-2022-Extras/Orzhov-Basilica?language=1&isFoil=Y,FOIL
1,https://www.cardmarket.com/en/Magic/Products/Singles/Secret-Lair-Drop-Series-All-Natural-Totally-Refreshing-Superdrop/Orzhov-Signet?language=1&isFoil=Y,ETCHED_FOIL
1,https://www.cardmarket.com/en/Magic/Products/Singles/Commander-Masters-Extras/Path-of-Ancestry?language=1&isFoil=Y,FOIL
1,https://www.cardmarket.com/en/Magic/Products/Singles/Friday-Night-Magic-Promos/Path-to-Exile?language=1&isFoil=Y,FOIL
1,https://www.cardmarket.com/en/Magic/Products/Singles/Commander-2017/Pawn-of-Ulamog?language=1,NO
1,https://www.cardmarket.com/en/Magic/Products/Singles/Secret-Lair-Commander-Deck-Angels-Theyre-Just-Like-Us-but-Cooler/Pearl-Medallion?language=1,NO
1,https://www.cardmarket.com/en/Magic/Products/Singles/The-List/Phyrexian-Tower?language=1,NO
6,https://www.cardmarket.com/en/Magic/Products/Singles/Edge-of-Eternities/Plains-V1?language=1&isFoil=Y,FOIL
1,https://www.cardmarket.com/en/Magic/Products/Singles/Secret-Lair-Drop-Series-Secret-Lair-x-Dungeons-Dragons-50th-Anniversary-Superdrop/Sanguine-Bond?language=1&isFoil=Y,FOIL
1,https://www.cardmarket.com/en/Magic/Products/Singles/Secrets-of-Strixhaven-Extras/Scheming-Silvertongue-Sign-in-Blood?language=1&isFoil=Y,FOIL
1,https://www.cardmarket.com/en/Magic/Products/Singles/Magic-The-Gathering-Foundations/Secluded-Courtyard?language=1&isFoil=Y,FOIL
1,https://www.cardmarket.com/en/Magic/Products/Singles/Secrets-of-Strixhaven-Extras/Shattered-Sanctum?language=1&isFoil=Y,FOIL
1,https://www.cardmarket.com/en/Magic/Products/Singles/Strixhaven-School-of-Mages-Extras/Shineshadow-Snarl?language=1&isFoil=Y,FOIL
1,https://www.cardmarket.com/en/Magic/Products/Singles/Commander-The-Brothers-War/Skullclamp?language=1,NO
1,https://www.cardmarket.com/en/Magic/Products/Singles/Promos/Sol-Ring-LGS?language=1&isFoil=Y,FOIL
1,https://www.cardmarket.com/en/Magic/Products/Singles/Innistrad-Crimson-Vow-Extras/Sorin-the-Mirthless-V1?language=1&isFoil=Y,FOIL
1,https://www.cardmarket.com/en/Magic/Products/Singles/Secret-Lair-Drop-Series-February-Superdrop-2022/Sorin-Grim-Nemesis?language=1&isFoil=Y,FOIL
1,https://www.cardmarket.com/en/Magic/Products/Singles/Commander-Secrets-of-Strixhaven-Extras/Stensian-Sanguinist-Exsanguinate?language=1,NO
6,https://www.cardmarket.com/en/Magic/Products/Singles/Edge-of-Eternities/Swamp-V1?language=1&isFoil=Y,FOIL
1,https://www.cardmarket.com/en/Magic/Products/Singles/Mystical-Archive/Swords-to-Plowshares-V1?language=1,NO
1,https://www.cardmarket.com/en/Magic/Products/Singles/Torment/Tainted-Field?language=1,NO
1,https://www.cardmarket.com/en/Magic/Products/Singles/Secret-Lair-Drop-Series-August-Superdrop-2022/Talisman-of-Hierarchy-V2?language=1&isFoil=Y,ETCHED_FOIL
1,https://www.cardmarket.com/en/Magic/Products/Singles/Universes-Beyond-Fallout-Extras/Temple-of-Silence-V3?language=1&isFoil=Y,SURGE_FOIL
1,https://www.cardmarket.com/en/Magic/Products/Singles/Commander-The-Brothers-War/Terramorphic-Expanse?language=1,NO
1,https://www.cardmarket.com/en/Magic/Products/Singles/Commander-Innistrad-Crimson-Vow/Timothar-Baron-of-Bats-V2?language=1,NO
1,https://www.cardmarket.com/en/Magic/Products/Singles/Commander-Secrets-of-Strixhaven-Extras/Turbulent-Moor?language=1,NO
1,https://www.cardmarket.com/en/Magic/Products/Singles/Commander-Masters-Extras/Twilight-Prophet?language=1&isFoil=Y,ETCHED_FOIL
1,https://www.cardmarket.com/en/Magic/Products/Singles/Commander-Secrets-of-Strixhaven-Extras/Umbral-Expanse?language=1,NO
1,https://www.cardmarket.com/en/Magic/Products/Singles/Promos/Unclaimed-Territory?language=1&isFoil=Y,FOIL
1,https://www.cardmarket.com/en/Magic/Products/Singles/Time-Spiral-Remastered-Extras/Vampire-Hexmage?language=1&isFoil=Y,FOIL
1,https://www.cardmarket.com/en/Magic/Products/Singles/Secrets-of-Strixhaven-Mystical-Archive/Vampiric-Tutor-V1?language=1,NO
1,https://www.cardmarket.com/en/Magic/Products/Singles/30th-Anniversary-Celebration/Vito-Thorn-of-the-Dusk-Rose?language=1&isFoil=Y,FOIL
1,https://www.cardmarket.com/en/Magic/Products/Singles/Buy-a-Box-Promos/Voldaren-Estate?language=1&isFoil=Y,FOIL
1,https://www.cardmarket.com/en/Magic/Products/Singles/dSecret-Lair-Drop-Series-Secretversary-2023/Vona-Butcher-of-Magan?language=1&isFoil=Y,FOIL
1,https://www.cardmarket.com/en/Magic/Products/Singles/Phyrexia-All-Will-be-One-Extras/Vraan-Executioner-Thane-V2?language=1&isFoil=Y,OIL_SLICK_RAISED_FOIL
1,https://www.cardmarket.com/en/Magic/Products/Singles/Innistrad-Crimson-Vow-Extras/Welcoming-Vampire?language=1&isFoil=Y,FOIL