1,https://www.cardmarket.com/en/Magic/Products/Singles/Commander-Edge-of-Eternities/Kilo-Apogee-Mind?language=1&isFoil=Y,FOIL
1,https://www.cardmarket.com/en/Magic/Products/Singles/Double-Masters-Extras/Academy-Ruins?language=1&isFoil=Y,FOIL
1,https://www.cardmarket.com/en/Magic/Products/Singles/Edge-of-Eternities/Adagia-Windswept-Bastion?language=1,NO
1,https://www.cardmarket.com/en/Magic/Products/Singles/Dominaria-United-Extras/Adarkar-Wastes?language=1&isFoil=Y,FOIL
1,https://www.cardmarket.com/en/Magic/Products/Singles/Commander-Legends-Extras/Akiri-Line-Slinger?language=1&isFoil=Y,ETCHED_FOIL
1,https://www.cardmarket.com/en/Magic/Products/Singles/Phyrexia-All-Will-be-One-Extras/All-Will-Be-One?language=1&isFoil=Y,OIL_SLICK_RAISED_FOIL
1,https://www.cardmarket.com/en/Magic/Products/Singles/Commander-The-Brothers-War/Ancient-Den?language=1,NO
1,https://www.cardmarket.com/en/Magic/Products/Singles/Commander-Strixhaven-Extras/Angel-of-the-Ruins?language=1,NO
1,https://www.cardmarket.com/en/Magic/Products/Singles/The-Lost-Caverns-of-Ixalan-Extras/Anim-Pakal-Thousandth-Moon?language=1&isFoil=Y,FOIL
1,https://www.cardmarket.com/en/Magic/Products/Singles/Secret-Lair-Drop-Series/Arcane-Signet-V2?language=1&isFoil=Y,ETCHED_FOIL
1,https://www.cardmarket.com/en/Magic/Products/Singles/Commander-Legends-Battle-for-Baldurs-Gate-Extras/Archivist-of-Oghma?language=1&isFoil=Y,FOIL
1,https://www.cardmarket.com/en/Magic/Products/Singles/Special-Guests/Arid-Mesa-V1?language=1&isFoil=Y,FOIL
1,https://www.cardmarket.com/en/Magic/Products/Singles/Secret-Lair-Drop-Series-All-Natural-Totally-Refreshing-Superdrop/Azorius-Signet?language=1&isFoil=Y,ETCHED_FOIL
1,https://www.cardmarket.com/en/Magic/Products/Singles/The-Brothers-War-Extras/Battlefield-Forge?language=1&isFoil=Y,FOIL
1,https://www.cardmarket.com/en/Magic/Products/Singles/Secret-Lair-Drop-Series-All-Natural-Totally-Refreshing-Superdrop/Boros-Signet?language=1&isFoil=Y,ETCHED_FOIL
1,https://www.cardmarket.com/en/Magic/Products/Singles/Commander-Tarkir-Dragonstorm/Cascade-Bluffs?language=1,NO
1,https://www.cardmarket.com/en/Magic/Products/Singles/March-of-the-Machine-Extras/Chrome-Host-Seedshark?language=1&isFoil=Y,FOIL
1,https://www.cardmarket.com/en/Magic/Products/Singles/Dominaria-Remastered-Extras/Clifftop-Retreat?language=1&isFoil=Y,FOIL
1,https://www.cardmarket.com/en/Magic/Products/Singles/Secret-Lair-Drop-Series-Sheldons-Spellbook/Command-Tower?language=1&isFoil=Y,FOIL
1,https://www.cardmarket.com/en/Magic/Products/Singles/Breaking-News/Contagion-Engine-V1?language=1&isFoil=Y,FOIL
1,https://www.cardmarket.com/en/Magic/Products/Singles/Mystical-Archive/Day-of-Judgment-V1?language=1&isFoil=Y,FOIL
1,https://www.cardmarket.com/en/Magic/Products/Singles/Commander-Edge-of-Eternities/Dispatch?language=1,NO
1,https://www.cardmarket.com/en/Magic/Products/Singles/Modern-Horizons-3-Extras/Dreamtide-Whale?language=1&isFoil=Y,FOIL
1,https://www.cardmarket.com/en/Magic/Products/Singles/Zendikar-Rising-Extras/Emerias-Call-Emeria-Shattered-Skyclave?language=1&isFoil=Y,FOIL
1,https://www.cardmarket.com/en/Magic/Products/Singles/Modern-Horizons-3-Retro-Frame-Cards/Esper-Sentinel?language=1&isFoil=Y,FOIL
1,https://www.cardmarket.com/en/Magic/Products/Singles/Time-Spiral-Remastered-Extras/Everflowing-Chalice?language=1&isFoil=Y,FOIL
1,https://www.cardmarket.com/en/Magic/Products/Singles/Universes-Beyond-Doctor-Who-Extras/Exotic-Orchard-V3?language=1&isFoil=Y,SURGE_FOIL
1,https://www.cardmarket.com/en/Magic/Products/Singles/Commander-Secrets-of-Strixhaven-Extras/Expansion-Algorithm?language=1,NO
1,https://www.cardmarket.com/en/Magic/Products/Singles/Secret-Lair-Drop-Series/Fellwar-Stone-V1?language=1&isFoil=Y,ETCHED_FOIL
1,https://www.cardmarket.com/en/Magic/Products/Singles/Outlaws-of-Thunder-Junction-Extras/Final-Showdown?language=1&isFoil=Y,FOIL
1,https://www.cardmarket.com/en/Magic/Products/Singles/Modern-Horizons-3-Extras/Flooded-Strand-V1?language=1&isFoil=Y,FOIL
1,https://www.cardmarket.com/en/Magic/Products/Singles/Dominaria-Remastered-Extras/Gemstone-Mine-V2?language=1&isFoil=Y,FOIL
1,https://www.cardmarket.com/en/Magic/Products/Singles/Universes-Beyond-Doctor-Who-Extras/Glacial-Fortress-V1?language=1&isFoil=Y,FOIL
1,https://www.cardmarket.com/en/Magic/Products/Singles/Lorwyn-Eclipsed-Extras/Glen-Elendra-Guardian-V1?language=1&isFoil=Y,FOIL
1,https://www.cardmarket.com/en/Magic/Products/Singles/Commander-The-Brothers-War/Great-Furnace?language=1,NO
1,https://www.cardmarket.com/en/Magic/Products/Singles/Ravnica-Remastered-Extras/Hallowed-Fountain-V1?language=1&isFoil=Y,FOIL
1,https://www.cardmarket.com/en/Magic/Products/Singles/Commander-Edge-of-Eternities/Hangarback-Walker?language=1,NO
1,https://www.cardmarket.com/en/Magic/Products/Singles/Phyrexia-All-Will-be-One-Extras/Ichormoon-Gauntlet?language=1&isFoil=Y,OIL_SLICK_RAISED_FOIL
1,https://www.cardmarket.com/en/Magic/Products/Singles/Stellar-Sights/Inkmoth-Nexus-V1?language=1&isFoil=Y,FOIL
1,https://www.cardmarket.com/en/Magic/Products/Singles/Commander-Edge-of-Eternities-Extras/Insight-Engine?language=1,NO
1,https://www.cardmarket.com/en/Magic/Products/Singles/Commander-Legends-Extras/Ishai-Ojutai-Dragonspeaker?language=1&isFoil=Y,ETCHED_FOIL
1,https://www.cardmarket.com/en/Magic/Products/Singles/Secret-Lair-Drop-Series-All-Natural-Totally-Refreshing-Superdrop/Izzet-Signet?language=1&isFoil=Y,ETCHED_FOIL
1,https://www.cardmarket.com/en/Magic/Products/Singles/War-of-the-Spark-Mythic-Edition/Jace-the-Mind-Sculptor?language=1&isFoil=Y,MASTERPIECE_FOIL
1,https://www.cardmarket.com/en/Magic/Products/Singles/Phyrexia-All-Will-be-One-Extras/Jace-the-Perfected-Mind-V3?language=1&isFoil=Y,OIL_SLICK_RAISED_FOIL
1,https://www.cardmarket.com/en/Magic/Products/Singles/Secret-Lair-Drop-Series-Spring-Superdrop-2023/Jhoira-Weatherlight-Captain?language=1&isFoil=Y,HALO_FOIL
1,https://www.cardmarket.com/en/Magic/Products/Singles/Secrets-of-Strixhaven-Extras/Joined-Researchers-Secret-Rendezvous?language=1&isFoil=Y,FOIL
1,https://www.cardmarket.com/en/Magic/Products/Singles/Modern-Horizons-3/Legion-Leadership-Legion-Stronghold?language=1&isFoil=Y,FOIL
1,https://www.cardmarket.com/en/Magic/Products/Singles/Rise-of-the-Eldrazi/Lighthouse-Chronologist?language=1&isFoil=Y,FOIL
1,https://www.cardmarket.com/en/Magic/Products/Singles/Lorwyn-Eclipsed-Extras/Loch-Mare?language=1&isFoil=Y,FOIL
1,https://www.cardmarket.com/en/Magic/Products/Singles/Commander-Magic-The-Gathering-FINAL-FANTASY-Extras/Lulu-Stern-Guardian?language=1&isFoil=Y,FOIL
1,https://www.cardmarket.com/en/Magic/Products/Singles/Retro-Frame-Artifacts/Minds-Eye-V2?language=1&isFoil=Y,FOIL
1,https://www.cardmarket.com/en/Magic/Products/Singles/Time-Spiral/Mindless-Automaton?language=1&isFoil=Y,FOIL
1,https://www.cardmarket.com/en/Magic/Products/Singles/MagicCon-Products/Mox-Tantalite?language=1&isFoil=Y,ETCHED_FOIL
1,https://www.cardmarket.com/en/Magic/Products/Singles/Commander-Modern-Horizons-3/Mystic-Gate?language=1,NO
1,https://www.cardmarket.com/en/Magic/Products/Singles/War-of-the-Spark-Mythic-Edition/Nahiri-the-Harbinger?language=1&isFoil=Y,MASTERPIECE_FOIL
1,https://www.cardmarket.com/en/Magic/Products/Singles/Phyrexia-All-Will-be-One-Extras/Nahiri-the-Unforgiving-V3?language=1&isFoil=Y,OIL_SLICK_RAISED_FOIL
1,https://www.cardmarket.com/en/Magic/Products/Singles/Breaking-News/Path-to-Exile?language=1&isFoil=Y,FOIL
1,https://www.cardmarket.com/en/Magic/Products/Singles/Commander-Edge-of-Eternities-Extras/Patrolling-Peacemaker?language=1,NO
1,https://www.cardmarket.com/en/Magic/Products/Singles/Secrets-of-Strixhaven-Extras/Pensive-Professor?language=1&isFoil=Y,FOIL
2,https://www.cardmarket.com/en/Magic/Products/Singles/Edge-of-Eternities/Plains-V1?language=1&isFoil=Y,FOIL
1,https://www.cardmarket.com/en/Magic/Products/Singles/Phyrexia-All-Will-Be-One/Prologue-to-Phyresis?language=1&isFoil=Y,FOIL
1,https://www.cardmarket.com/en/Magic/Products/Singles/Ikoria-Lair-of-Behemoths-Extras/Raugrin-Triome?language=1&isFoil=Y,FOIL
1,https://www.cardmarket.com/en/Magic/Products/Singles/Commander-The-Brothers-War/Razortide-Bridge?language=1,NO
1,https://www.cardmarket.com/en/Magic/Products/Singles/Outlaws-of-Thunder-Junction/Requisition-Raid?language=1&isFoil=Y,FOIL
1,https://www.cardmarket.com/en/Magic/Products/Singles/Commander-The-Lost-Caverns-of-Ixalan-Extras/Ripples-of-Potential?language=1,NO
1,https://www.cardmarket.com/en/Magic/Products/Singles/Aetherdrift-Extras/Riptide-Gearhulk?language=1&isFoil=Y,FOIL
1,https://www.cardmarket.com/en/Magic/Products/Singles/Commander-Tarkir-Dragonstorm/Rugged-Prairie?language=1,NO
1,https://www.cardmarket.com/en/Magic/Products/Singles/Modern-Horizons-3/Rush-of-Inspiration-Crackling-Falls?language=1&isFoil=Y,FOIL
1,https://www.cardmarket.com/en/Magic/Products/Singles/Modern-Horizons-2/Rustvale-Bridge?language=1,NO
1,https://www.cardmarket.com/en/Magic/Products/Singles/Ravnica-Remastered-Extras/Sacred-Foundry-V1?language=1&isFoil=Y,FOIL
1,https://www.cardmarket.com/en/Magic/Products/Singles/Special-Guests/Scalding-Tarn-V1?language=1&isFoil=Y,FOIL
1,https://www.cardmarket.com/en/Magic/Products/Singles/Commander-The-Brothers-War-Extras/Scholar-of-New-Horizons?language=1,NO
1,https://www.cardmarket.com/en/Magic/Products/Singles/Zendikar-Rising-Extras/Sea-Gate-Restoration-Sea-Gate-Reborn?language=1&isFoil=Y,FOIL
1,https://www.cardmarket.com/en/Magic/Products/Singles/Commander-The-Brothers-War/Seat-of-the-Synod?language=1,NO
1,https://www.cardmarket.com/en/Magic/Products/Singles/Dominaria-United-Extras/Shivan-Reef?language=1&isFoil=Y,FOIL
1,https://www.cardmarket.com/en/Magic/Products/Singles/Commander-The-Brothers-War/Silverbluff-Bridge?language=1,NO
1,https://www.cardmarket.com/en/Magic/Products/Singles/Phyrexia-All-Will-be-One-Extras/Skrelv-Defector-Mite-V2?language=1&isFoil=Y,STEP_AND_COMPLEAT_FOIL
1,https://www.cardmarket.com/en/Magic/Products/Singles/Promos/Sol-Ring-LGS?language=1&isFoil=Y,FOIL
1,https://www.cardmarket.com/en/Magic/Products/Singles/Modern-Horizons-2-Extras/Sol-Talisman-V2?language=1&isFoil=Y,ETCHED_FOIL
1,https://www.cardmarket.com/en/Magic/Products/Singles/Ravnica-Remastered-Extras/Steam-Vents-V1?language=1&isFoil=Y,FOIL
1,https://www.cardmarket.com/en/Magic/Products/Singles/Dominaria-Remastered-Extras/Sulfur-Falls?language=1&isFoil=Y,FOIL
1,https://www.cardmarket.com/en/Magic/Products/Singles/Modern-Horizons-3/Suppression-Ray-Orderly-Plaza?language=1&isFoil=Y,FOIL
1,https://www.cardmarket.com/en/Magic/Products/Singles/Double-Masters-2022-Extras/Supreme-Verdict-V1?language=1&isFoil=Y,FOIL
1,https://www.cardmarket.com/en/Magic/Products/Singles/Commander-Edge-of-Eternities-Extras/Surge-Conductor?language=1,NO
1,https://www.cardmarket.com/en/Magic/Products/Singles/Mystical-Archive/Swords-to-Plowshares-V1?language=1&isFoil=Y,FOIL
1,https://www.cardmarket.com/en/Magic/Products/Singles/Commander-Magic-The-Gathering-FINAL-FANTASY-Extras/Tataru-Taru?language=1&isFoil=Y,FOIL
1,https://www.cardmarket.com/en/Magic/Products/Singles/Guilds-of-Ravnica-Mythic-Edition/Teferi-Hero-of-Dominaria?language=1&isFoil=Y,MASTERPIECE_FOIL
1,https://www.cardmarket.com/en/Magic/Products/Singles/Phyrexia-All-Will-be-One-Extras/Tekuthal-Inquiry-Dominus-V2?language=1&isFoil=Y,OIL_SLICK_RAISED_FOIL
1,https://www.cardmarket.com/en/Magic/Products/Singles/War-of-the-Spark-Mythic-Edition/Tezzeret-the-Seeker?language=1&isFoil=Y,MASTERPIECE_FOIL
1,https://www.cardmarket.com/en/Magic/Products/Singles/Mystical-Archive/Tezzerets-Gambit-V1?language=1&isFoil=Y,FOIL
1,https://www.cardmarket.com/en/Magic/Products/Singles/The-Lost-Caverns-of-Ixalan-Extras/Threefold-Thunderhulk?language=1&isFoil=Y,FOIL
1,https://www.cardmarket.com/en/Magic/Products/Singles/Rise-of-the-Eldrazi/Transcendent-Master?language=1&isFoil=Y,FOIL
1,https://www.cardmarket.com/en/Magic/Products/Singles/Commander-Secrets-of-Strixhaven-Extras/Turbulent-Springs?language=1,NO
1,https://www.cardmarket.com/en/Magic/Products/Singles/Commander-Secrets-of-Strixhaven-Extras/Turbulent-Steppe?language=1,NO
1,https://www.cardmarket.com/en/Magic/Products/Singles/Commander-Masters-Extras/Urza-Lord-High-Artificer-V3?language=1&isFoil=Y,TEXTURED_FOIL
1,https://www.cardmarket.com/en/Magic/Products/Singles/Edge-of-Eternities/Uthros-Titanic-Godcore?language=1,NO
1,https://www.cardmarket.com/en/Magic/Products/Singles/Ikoria-Lair-of-Behemoths-Extras/Whirlwind-of-Thought?language=1&isFoil=Y,FOIL
1,https://www.cardmarket.com/en/Magic/Products/Singles/Phyrexia-All-Will-be-One-Extras/White-Suns-Twilight?language=1&isFoil=Y,FOIL
1,https://www.cardmarket.com/en/Magic/Products/Singles/Dominaria-Remastered-Extras/Wrath-of-God-V2?language=1&isFoil=Y,FOIL